{
  "task_id": "Q193",
  "timestamp": "2026-03-27T13:18:32.369793",
  "config": {
    "n_samples": 20,
    "n_tokens": 25,
    "n_enc_layers": 12,
    "l_star": 8
  },
  "wer_by_condition": {
    "baseline": {
      "clear_mean_wer": 12.000017726571084,
      "noisy_mean_wer": 16.113915187889443,
      "overall_mean_wer": 14.056966457230265
    },
    "post_l_star_zero": {
      "clear_mean_wer": 50.38521493108588,
      "noisy_mean_wer": 93.718000481126,
      "overall_mean_wer": 72.05160770610594
    },
    "pre_l_star_zero": {
      "clear_mean_wer": 12.000707180421417,
      "noisy_mean_wer": 25.24264574529757,
      "overall_mean_wer": 18.621676462859497
    }
  },
  "deltas": {
    "post_l_star": 57.99,
    "pre_l_star": 4.56,
    "asymmetry_ratio": 12.71
  },
  "dod": {
    "dod1_post_delta_ge_15": true,
    "dod2_ratio_ge_1_5": true,
    "passed": true
  }
}