{
  "r_l2_all": -0.9606346195214618,
  "r_native": -0.43212165053780477,
  "groups_passing_threshold": 6,
  "delta_native_minus_l2": 0.1419131594775372,
  "group_correlations": {
    "ARA": -0.9815151338746336,
    "HIN": -0.9714995431726554,
    "KOR": -0.9707113460769924,
    "MAN": -0.8353490353165223,
    "SPA": -0.9708341624104021,
    "VIE": -0.9677818066223279
  },
  "doi_pass": true,
  "mean_native_af": 0.3025581032806914,
  "mean_l2_af": 0.1606449438031542
}