{
  "task": "Q134",
  "hypothesis": "Silence/noise \u2192 AND-gate dropout \u2192 hallucination onset",
  "threshold": 0.4,
  "results": {
    "clean": {
      "and_frac": [
        0.732,
        0.692,
        0.776,
        0.796,
        0.691,
        0.727,
        0.792,
        0.781,
        0.797,
        0.766,
        0.835,
        0.829,
        0.796,
        0.832,
        0.798,
        0.735,
        0.773,
        0.708,
        0.768,
        0.718
      ],
      "mean_and_frac": 0.767,
      "min_and_frac": 0.691,
      "hallucination_steps": [],
      "hallucination_onset": null,
      "n_hallucination_steps": 0
    },
    "silence": {
      "and_frac": [
        0.693,
        0.673,
        0.749,
        0.694,
        0.683,
        0.686,
        0.721,
        0.715,
        0.421,
        0.382,
        0.427,
        0.26,
        0.214,
        0.159,
        0.191,
        0.395,
        0.375,
        0.376,
        0.407,
        0.496
      ],
      "mean_and_frac": 0.486,
      "min_and_frac": 0.159,
      "hallucination_steps": [
        9,
        11,
        12,
        13,
        14,
        15,
        16,
        17
      ],
      "hallucination_onset": 9,
      "n_hallucination_steps": 8
    },
    "noise": {
      "and_frac": [
        0.71,
        0.702,
        0.653,
        0.689,
        0.685,
        0.691,
        0.684,
        0.611,
        0.594,
        0.523,
        0.494,
        0.472,
        0.327,
        0.344,
        0.296,
        0.248,
        0.226,
        0.275,
        0.157,
        0.248
      ],
      "mean_and_frac": 0.481,
      "min_and_frac": 0.157,
      "hallucination_steps": [
        12,
        13,
        14,
        15,
        16,
        17,
        18,
        19
      ],
      "hallucination_onset": 12,
      "n_hallucination_steps": 8
    }
  },
  "hypothesis_supported": true,
  "pre_silence_and_frac": 0.7017500000000001,
  "during_silence_and_frac": 0.2934285714285714,
  "delta": -0.40832142857142867
}